-- Insert into STOP
INSERT INTO STOP (stop_id, stop_name) VALUES (1, 'Central Station');
INSERT INTO STOP (stop_id, stop_name) VALUES (2, 'Oak Street');
INSERT INTO STOP (stop_id, stop_name) VALUES (3, 'Pine Avenue');
INSERT INTO STOP (stop_id, stop_name) VALUES (4, 'Maple Junction');
INSERT INTO STOP (stop_id, stop_name) VALUES (5, 'River Park');
INSERT INTO STOP (stop_id, stop_name) VALUES (6, 'Hilltop');
INSERT INTO STOP (stop_id, stop_name) VALUES (7, 'Green Valley');
INSERT INTO STOP (stop_id, stop_name) VALUES (8, 'Sunset Blvd');
INSERT INTO STOP (stop_id, stop_name) VALUES (9, 'East Market');
INSERT INTO STOP (stop_id, stop_name) VALUES (10, 'West End');
INSERT INTO STOP (stop_id, stop_name) VALUES (11, 'North Gate');
INSERT INTO STOP (stop_id, stop_name) VALUES (12, 'South Square');
INSERT INTO STOP (stop_id, stop_name) VALUES (13, 'Lakeside');
INSERT INTO STOP (stop_id, stop_name) VALUES (14, 'Forest Road');
INSERT INTO STOP (stop_id, stop_name) VALUES (15, 'Cedar Park');
INSERT INTO STOP (stop_id, stop_name) VALUES (16, 'Elm Street');
INSERT INTO STOP (stop_id, stop_name) VALUES (17, 'Willow Corner');
INSERT INTO STOP (stop_id, stop_name) VALUES (18, 'Highland');
INSERT INTO STOP (stop_id, stop_name) VALUES (19, 'Lowland');
INSERT INTO STOP (stop_id, stop_name) VALUES (20, 'Grand Avenue');
INSERT INTO STOP (stop_id, stop_name) VALUES (21, 'Liberty Square');
INSERT INTO STOP (stop_id, stop_name) VALUES (22, 'Freedom Road');
INSERT INTO STOP (stop_id, stop_name) VALUES (23, 'Heritage Park');
INSERT INTO STOP (stop_id, stop_name) VALUES (24, 'Innovation Hub');
INSERT INTO STOP (stop_id, stop_name) VALUES (25, 'Tech Center');
INSERT INTO STOP (stop_id, stop_name) VALUES (26, 'Museum Stop');
INSERT INTO STOP (stop_id, stop_name) VALUES (27, 'City Hall');
INSERT INTO STOP (stop_id, stop_name) VALUES (28, 'University Gate');
INSERT INTO STOP (stop_id, stop_name) VALUES (29, 'College Road');
INSERT INTO STOP (stop_id, stop_name) VALUES (30, 'Library Corner');
INSERT INTO STOP (stop_id, stop_name) VALUES (31, 'Park Avenue');
INSERT INTO STOP (stop_id, stop_name) VALUES (32, 'Garden Street');
INSERT INTO STOP (stop_id, stop_name) VALUES (33, 'Rose Lane');
INSERT INTO STOP (stop_id, stop_name) VALUES (34, 'Tulip Way');
INSERT INTO STOP (stop_id, stop_name) VALUES (35, 'Daisy Point');
INSERT INTO STOP (stop_id, stop_name) VALUES (36, 'Lily Station');
INSERT INTO STOP (stop_id, stop_name) VALUES (37, 'Orchid Place');
INSERT INTO STOP (stop_id, stop_name) VALUES (38, 'Violet Stop');
INSERT INTO STOP (stop_id, stop_name) VALUES (39, 'Cherry Hill');
INSERT INTO STOP (stop_id, stop_name) VALUES (40, 'Apple Street');
INSERT INTO STOP (stop_id, stop_name) VALUES (41, 'Peach Avenue');
INSERT INTO STOP (stop_id, stop_name) VALUES (42, 'Banana Blvd');
INSERT INTO STOP (stop_id, stop_name) VALUES (43, 'Orange Corner');
INSERT INTO STOP (stop_id, stop_name) VALUES (44, 'Lemon Square');
INSERT INTO STOP (stop_id, stop_name) VALUES (45, 'Grape Way');
INSERT INTO STOP (stop_id, stop_name) VALUES (46, 'Berry Junction');
INSERT INTO STOP (stop_id, stop_name) VALUES (47, 'Mango Stop');
INSERT INTO STOP (stop_id, stop_name) VALUES (48, 'Papaya Park');
INSERT INTO STOP (stop_id, stop_name) VALUES (49, 'Coconut Road');
INSERT INTO STOP (stop_id, stop_name) VALUES (50, 'Palm Street');
INSERT INTO STOP (stop_id, stop_name) VALUES (51, 'Seaside');
INSERT INTO STOP (stop_id, stop_name) VALUES (52, 'Harbor View');
INSERT INTO STOP (stop_id, stop_name) VALUES (53, 'Dockside');
INSERT INTO STOP (stop_id, stop_name) VALUES (54, 'Marina Bay');
INSERT INTO STOP (stop_id, stop_name) VALUES (55, 'Fisherman Wharf');
INSERT INTO STOP (stop_id, stop_name) VALUES (56, 'Coral Point');
INSERT INTO STOP (stop_id, stop_name) VALUES (57, 'Ocean Drive');
INSERT INTO STOP (stop_id, stop_name) VALUES (58, 'Wave Street');
INSERT INTO STOP (stop_id, stop_name) VALUES (59, 'Blue Lagoon');
INSERT INTO STOP (stop_id, stop_name) VALUES (60, 'Sunny Beach');
INSERT INTO STOP (stop_id, stop_name) VALUES (61, 'Cloud Nine');
INSERT INTO STOP (stop_id, stop_name) VALUES (62, 'Skyline');
INSERT INTO STOP (stop_id, stop_name) VALUES (63, 'Star Avenue');
INSERT INTO STOP (stop_id, stop_name) VALUES (64, 'Moonlight');
INSERT INTO STOP (stop_id, stop_name) VALUES (65, 'Galaxy Road');
INSERT INTO STOP (stop_id, stop_name) VALUES (66, 'Comet Corner');
INSERT INTO STOP (stop_id, stop_name) VALUES (67, 'Meteor Stop');
INSERT INTO STOP (stop_id, stop_name) VALUES (68, 'Orbit Park');
INSERT INTO STOP (stop_id, stop_name) VALUES (69, 'Nebula Square');
INSERT INTO STOP (stop_id, stop_name) VALUES (70, 'Cosmos Way');
INSERT INTO STOP (stop_id, stop_name) VALUES (71, 'Iron Bridge');
INSERT INTO STOP (stop_id, stop_name) VALUES (72, 'Steel Avenue');
INSERT INTO STOP (stop_id, stop_name) VALUES (73, 'Copper Street');
INSERT INTO STOP (stop_id, stop_name) VALUES (74, 'Silver Road');
INSERT INTO STOP (stop_id, stop_name) VALUES (75, 'Golden Gate');
INSERT INTO STOP (stop_id, stop_name) VALUES (76, 'Platinum Park');
INSERT INTO STOP (stop_id, stop_name) VALUES (77, 'Diamond Square');
INSERT INTO STOP (stop_id, stop_name) VALUES (78, 'Ruby Corner');
INSERT INTO STOP (stop_id, stop_name) VALUES (79, 'Emerald Stop');
INSERT INTO STOP (stop_id, stop_name) VALUES (80, 'Sapphire Way');
INSERT INTO STOP (stop_id, stop_name) VALUES (81, 'Crystal Lake');
INSERT INTO STOP (stop_id, stop_name) VALUES (82, 'Quartz Hill');
INSERT INTO STOP (stop_id, stop_name) VALUES (83, 'Granite Point');
INSERT INTO STOP (stop_id, stop_name) VALUES (84, 'Marble Street');
INSERT INTO STOP (stop_id, stop_name) VALUES (85, 'Basalt Road');
INSERT INTO STOP (stop_id, stop_name) VALUES (86, 'Sandstone Ave');
INSERT INTO STOP (stop_id, stop_name) VALUES (87, 'Cliffside');
INSERT INTO STOP (stop_id, stop_name) VALUES (88, 'Canyon View');
INSERT INTO STOP (stop_id, stop_name) VALUES (89, 'Valley Road');
INSERT INTO STOP (stop_id, stop_name) VALUES (90, 'River Bend');
INSERT INTO STOP (stop_id, stop_name) VALUES (91, 'Bridge Crossing');
INSERT INTO STOP (stop_id, stop_name) VALUES (92, 'Tunnel Exit');
INSERT INTO STOP (stop_id, stop_name) VALUES (93, 'Highway Stop');
INSERT INTO STOP (stop_id, stop_name) VALUES (94, 'Express Point');
INSERT INTO STOP (stop_id, stop_name) VALUES (95, 'Transit Hub');
INSERT INTO STOP (stop_id, stop_name) VALUES (96, 'Metro Center');
INSERT INTO STOP (stop_id, stop_name) VALUES (97, 'Rapid Station');
INSERT INTO STOP (stop_id, stop_name) VALUES (98, 'Terminal A');
INSERT INTO STOP (stop_id, stop_name) VALUES (99, 'Terminal B');
INSERT INTO STOP (stop_id, stop_name) VALUES (100, 'Final Stop');

-- Insert into ROUTE
INSERT INTO ROUTE (route_name, route_id) VALUES ('City Loop', 1);
INSERT INTO ROUTE (route_name, route_id) VALUES ('North Line', 2);
INSERT INTO ROUTE (route_name, route_id) VALUES ('South Express', 3);
INSERT INTO ROUTE (route_name, route_id) VALUES ('East Connector', 4);
INSERT INTO ROUTE (route_name, route_id) VALUES ('West Rapid', 5);
INSERT INTO ROUTE (route_name, route_id) VALUES ('Airport Shuttle', 6);
INSERT INTO ROUTE (route_name, route_id) VALUES ('University Line', 7);
INSERT INTO ROUTE (route_name, route_id) VALUES ('Industrial Route', 8);
INSERT INTO ROUTE (route_name, route_id) VALUES ('Beach Line', 9);
INSERT INTO ROUTE (route_name, route_id) VALUES ('Hilltop Route', 10);
INSERT INTO ROUTE (route_name, route_id) VALUES ('Green Park Line', 11);
INSERT INTO ROUTE (route_name, route_id) VALUES ('Central Express', 12);
INSERT INTO ROUTE (route_name, route_id) VALUES ('Metro Link', 13);
INSERT INTO ROUTE (route_name, route_id) VALUES ('Suburban Line', 14);
INSERT INTO ROUTE (route_name, route_id) VALUES ('Valley Connector', 15);
INSERT INTO ROUTE (route_name, route_id) VALUES ('River Route', 16);
INSERT INTO ROUTE (route_name, route_id) VALUES ('Lake Shuttle', 17);
INSERT INTO ROUTE (route_name, route_id) VALUES ('Tech Park Line', 18);
INSERT INTO ROUTE (route_name, route_id) VALUES ('Museum Route', 19);
INSERT INTO ROUTE (route_name, route_id) VALUES ('Old Town Line', 20);
INSERT INTO ROUTE (route_name, route_id) VALUES ('New City Loop', 21);
INSERT INTO ROUTE (route_name, route_id) VALUES ('Heritage Line', 22);
INSERT INTO ROUTE (route_name, route_id) VALUES ('Market Express', 23);
INSERT INTO ROUTE (route_name, route_id) VALUES ('Garden Route', 24);
INSERT INTO ROUTE (route_name, route_id) VALUES ('Forest Line', 25);
INSERT INTO ROUTE (route_name, route_id) VALUES ('Mountain Route', 26);
INSERT INTO ROUTE (route_name, route_id) VALUES ('Desert Connector', 27);
INSERT INTO ROUTE (route_name, route_id) VALUES ('Harbor Line', 28);
INSERT INTO ROUTE (route_name, route_id) VALUES ('Dock Route', 29);
INSERT INTO ROUTE (route_name, route_id) VALUES ('Sunset Express', 30);
INSERT INTO ROUTE (route_name, route_id) VALUES ('Sunrise Line', 31);
INSERT INTO ROUTE (route_name, route_id) VALUES ('Skyline Route', 32);
INSERT INTO ROUTE (route_name, route_id) VALUES ('Moonlight Line', 33);
INSERT INTO ROUTE (route_name, route_id) VALUES ('Galaxy Connector', 34);
INSERT INTO ROUTE (route_name, route_id) VALUES ('Star Route', 35);
INSERT INTO ROUTE (route_name, route_id) VALUES ('Comet Line', 36);
INSERT INTO ROUTE (route_name, route_id) VALUES ('Orbit Express', 37);
INSERT INTO ROUTE (route_name, route_id) VALUES ('Cosmos Route', 38);
INSERT INTO ROUTE (route_name, route_id) VALUES ('Silver Line', 39);
INSERT INTO ROUTE (route_name, route_id) VALUES ('Golden Route', 40);
INSERT INTO ROUTE (route_name, route_id) VALUES ('Bronze Connector', 41);
INSERT INTO ROUTE (route_name, route_id) VALUES ('Diamond Express', 42);
INSERT INTO ROUTE (route_name, route_id) VALUES ('Ruby Line', 43);
INSERT INTO ROUTE (route_name, route_id) VALUES ('Emerald Route', 44);
INSERT INTO ROUTE (route_name, route_id) VALUES ('Sapphire Line', 45);
INSERT INTO ROUTE (route_name, route_id) VALUES ('Crystal Connector', 46);
INSERT INTO ROUTE (route_name, route_id) VALUES ('Granite Express', 47);
INSERT INTO ROUTE (route_name, route_id) VALUES ('Marble Line', 48);
INSERT INTO ROUTE (route_name, route_id) VALUES ('Basalt Route', 49);
INSERT INTO ROUTE (route_name, route_id) VALUES ('Sandstone Connector', 50);
INSERT INTO ROUTE (route_name, route_id) VALUES ('Cliffside Line', 51);
INSERT INTO ROUTE (route_name, route_id) VALUES ('Canyon Route', 52);
INSERT INTO ROUTE (route_name, route_id) VALUES ('Valley Express', 53);
INSERT INTO ROUTE (route_name, route_id) VALUES ('Bridge Line', 54);
INSERT INTO ROUTE (route_name, route_id) VALUES ('Tunnel Route', 55);
INSERT INTO ROUTE (route_name, route_id) VALUES ('Highway Express', 56);
INSERT INTO ROUTE (route_name, route_id) VALUES ('Rapid Connector', 57);
INSERT INTO ROUTE (route_name, route_id) VALUES ('Terminal Line', 58);
INSERT INTO ROUTE (route_name, route_id) VALUES ('Metro Route', 59);
INSERT INTO ROUTE (route_name, route_id) VALUES ('Transit Express', 60);
INSERT INTO ROUTE (route_name, route_id) VALUES ('Urban Loop', 61);
INSERT INTO ROUTE (route_name, route_id) VALUES ('Rural Line', 62);
INSERT INTO ROUTE (route_name, route_id) VALUES ('Cross City', 63);
INSERT INTO ROUTE (route_name, route_id) VALUES ('Circle Route', 64);
INSERT INTO ROUTE (route_name, route_id) VALUES ('Diagonal Line', 65);
INSERT INTO ROUTE (route_name, route_id) VALUES ('Express Link', 66);
INSERT INTO ROUTE (route_name, route_id) VALUES ('Quick Route', 67);
INSERT INTO ROUTE (route_name, route_id) VALUES ('Direct Line', 68);
INSERT INTO ROUTE (route_name, route_id) VALUES ('Main Connector', 69);
INSERT INTO ROUTE (route_name, route_id) VALUES ('Secondary Line', 70);
INSERT INTO ROUTE (route_name, route_id) VALUES ('Tertiary Route', 71);
INSERT INTO ROUTE (route_name, route_id) VALUES ('Alpha Line', 72);
INSERT INTO ROUTE (route_name, route_id) VALUES ('Beta Route', 73);
INSERT INTO ROUTE (route_name, route_id) VALUES ('Gamma Connector', 74);
INSERT INTO ROUTE (route_name, route_id) VALUES ('Delta Express', 75);
INSERT INTO ROUTE (route_name, route_id) VALUES ('Omega Line', 76);
INSERT INTO ROUTE (route_name, route_id) VALUES ('Prime Route', 77);
INSERT INTO ROUTE (route_name, route_id) VALUES ('Vector Line', 78);
INSERT INTO ROUTE (route_name, route_id) VALUES ('Matrix Route', 79);
INSERT INTO ROUTE (route_name, route_id) VALUES ('Scalar Line', 80);
INSERT INTO ROUTE (route_name, route_id) VALUES ('Binary Route', 81);
INSERT INTO ROUTE (route_name, route_id) VALUES ('Digital Line', 82);
INSERT INTO ROUTE (route_name, route_id) VALUES ('Analog Route', 83);
INSERT INTO ROUTE (route_name, route_id) VALUES ('Signal Line', 84);
INSERT INTO ROUTE (route_name, route_id) VALUES ('Network Route', 85);
INSERT INTO ROUTE (route_name, route_id) VALUES ('Protocol Line', 86);
INSERT INTO ROUTE (route_name, route_id) VALUES ('Packet Route', 87);
INSERT INTO ROUTE (route_name, route_id) VALUES ('Stream Line', 88);
INSERT INTO ROUTE (route_name, route_id) VALUES ('Channel Route', 89);
INSERT INTO ROUTE (route_name, route_id) VALUES ('Frequency Line', 90);
INSERT INTO ROUTE (route_name, route_id) VALUES ('Bandwidth Route', 91);
INSERT INTO ROUTE (route_name, route_id) VALUES ('Latency Line', 92);
INSERT INTO ROUTE (route_name, route_id) VALUES ('Throughput Route', 93);
INSERT INTO ROUTE (route_name, route_id) VALUES ('Priority Line', 94);
INSERT INTO ROUTE (route_name, route_id) VALUES ('Dynamic Route', 95);
INSERT INTO ROUTE (route_name, route_id) VALUES ('Static Line', 96);
INSERT INTO ROUTE (route_name, route_id) VALUES ('Hybrid Route', 97);
INSERT INTO ROUTE (route_name, route_id) VALUES ('Adaptive Line', 98);
INSERT INTO ROUTE (route_name, route_id) VALUES ('Flexible Route', 99);
INSERT INTO ROUTE (route_name, route_id) VALUES ('Final Line', 100);

-- Insert into DRIVER
INSERT INTO DRIVER (licenseType, driver_fullname, driver_id) VALUES ('A', 'Noam Cohen', 1);
INSERT INTO DRIVER (licenseType, driver_fullname, driver_id) VALUES ('B', 'Lior Levi', 2);
INSERT INTO DRIVER (licenseType, driver_fullname, driver_id) VALUES ('C', 'Dana Mizrahi', 3);
INSERT INTO DRIVER (licenseType, driver_fullname, driver_id) VALUES ('D', 'Eitan Peretz', 4);
INSERT INTO DRIVER (licenseType, driver_fullname, driver_id) VALUES ('E', 'Yael Avraham', 5);
INSERT INTO DRIVER (licenseType, driver_fullname, driver_id) VALUES ('A', 'Omer Biton', 6);
INSERT INTO DRIVER (licenseType, driver_fullname, driver_id) VALUES ('B', 'Tamar Dayan', 7);
INSERT INTO DRIVER (licenseType, driver_fullname, driver_id) VALUES ('C', 'Itay Azulay', 8);
INSERT INTO DRIVER (licenseType, driver_fullname, driver_id) VALUES ('D', 'Maya Harel', 9);
INSERT INTO DRIVER (licenseType, driver_fullname, driver_id) VALUES ('E', 'Gilad Nahum', 10);
INSERT INTO DRIVER (licenseType, driver_fullname, driver_id) VALUES ('A', 'Roni Shamir', 11);
INSERT INTO DRIVER (licenseType, driver_fullname, driver_id) VALUES ('B', 'Adi Koren', 12);
INSERT INTO DRIVER (licenseType, driver_fullname, driver_id) VALUES ('C', 'Nadav Barak', 13);
INSERT INTO DRIVER (licenseType, driver_fullname, driver_id) VALUES ('D', 'Hila Sharabi', 14);
INSERT INTO DRIVER (licenseType, driver_fullname, driver_id) VALUES ('E', 'Yossi Aharon', 15);
INSERT INTO DRIVER (licenseType, driver_fullname, driver_id) VALUES ('A', 'Shani Mor', 16);
INSERT INTO DRIVER (licenseType, driver_fullname, driver_id) VALUES ('B', 'Tal Ben Ari', 17);
INSERT INTO DRIVER (licenseType, driver_fullname, driver_id) VALUES ('C', 'Or Golan', 18);
INSERT INTO DRIVER (licenseType, driver_fullname, driver_id) VALUES ('D', 'Gal Malka', 19);
INSERT INTO DRIVER (licenseType, driver_fullname, driver_id) VALUES ('E', 'Eden Zohar', 20);
INSERT INTO DRIVER (licenseType, driver_fullname, driver_id) VALUES ('A', 'Roy Dagan', 21);
INSERT INTO DRIVER (licenseType, driver_fullname, driver_id) VALUES ('B', 'Neta Klein', 22);
INSERT INTO DRIVER (licenseType, driver_fullname, driver_id) VALUES ('C', 'Bar Amir', 23);
INSERT INTO DRIVER (licenseType, driver_fullname, driver_id) VALUES ('D', 'Keren Sela', 24);
INSERT INTO DRIVER (licenseType, driver_fullname, driver_id) VALUES ('E', 'Amit Hadad', 25);
INSERT INTO DRIVER (licenseType, driver_fullname, driver_id) VALUES ('A', 'Dolev Fried', 26);
INSERT INTO DRIVER (licenseType, driver_fullname, driver_id) VALUES ('B', 'Yarden Lavi', 27);
INSERT INTO DRIVER (licenseType, driver_fullname, driver_id) VALUES ('C', 'Shahar Romano', 28);
INSERT INTO DRIVER (licenseType, driver_fullname, driver_id) VALUES ('D', 'Ofek Pinto', 29);
INSERT INTO DRIVER (licenseType, driver_fullname, driver_id) VALUES ('E', 'Liat Ashkenazi', 30);
INSERT INTO DRIVER (licenseType, driver_fullname, driver_id) VALUES ('A', 'Ron Katz', 31);
INSERT INTO DRIVER (licenseType, driver_fullname, driver_id) VALUES ('B', 'Aviv Segal', 32);
INSERT INTO DRIVER (licenseType, driver_fullname, driver_id) VALUES ('C', 'Sivan Baruch', 33);
INSERT INTO DRIVER (licenseType, driver_fullname, driver_id) VALUES ('D', 'Gadi Morad', 34);
INSERT INTO DRIVER (licenseType, driver_fullname, driver_id) VALUES ('E', 'Tali Peleg', 35);
INSERT INTO DRIVER (licenseType, driver_fullname, driver_id) VALUES ('A', 'Nir Yona', 36);
INSERT INTO DRIVER (licenseType, driver_fullname, driver_id) VALUES ('B', 'Erez Bashan', 37);
INSERT INTO DRIVER (licenseType, driver_fullname, driver_id) VALUES ('C', 'Hadar Nave', 38);
INSERT INTO DRIVER (licenseType, driver_fullname, driver_id) VALUES ('D', 'Noa Elbaz', 39);
INSERT INTO DRIVER (licenseType, driver_fullname, driver_id) VALUES ('E', 'Liran Hazan', 40);
INSERT INTO DRIVER (licenseType, driver_fullname, driver_id) VALUES ('A', 'Guy Sasson', 41);
INSERT INTO DRIVER (licenseType, driver_fullname, driver_id) VALUES ('B', 'Moran Haim', 42);
INSERT INTO DRIVER (licenseType, driver_fullname, driver_id) VALUES ('C', 'Shir Dolev', 43);
INSERT INTO DRIVER (licenseType, driver_fullname, driver_id) VALUES ('D', 'Eyal Shaked', 44);
INSERT INTO DRIVER (licenseType, driver_fullname, driver_id) VALUES ('E', 'Dana Fuchs', 45);
INSERT INTO DRIVER (licenseType, driver_fullname, driver_id) VALUES ('A', 'Omri Paz', 46);
INSERT INTO DRIVER (licenseType, driver_fullname, driver_id) VALUES ('B', 'Kobi Avital', 47);
INSERT INTO DRIVER (licenseType, driver_fullname, driver_id) VALUES ('C', 'Alon Gabbay', 48);
INSERT INTO DRIVER (licenseType, driver_fullname, driver_id) VALUES ('D', 'Ravit Ben David', 49);
INSERT INTO DRIVER (licenseType, driver_fullname, driver_id) VALUES ('E', 'Moti Edri', 50);
INSERT INTO DRIVER (licenseType, driver_fullname, driver_id) VALUES ('A', 'Eli Nahman', 51);
INSERT INTO DRIVER (licenseType, driver_fullname, driver_id) VALUES ('B', 'Rotem Azulai', 52);
INSERT INTO DRIVER (licenseType, driver_fullname, driver_id) VALUES ('C', 'Yair Vaknin', 53);
INSERT INTO DRIVER (licenseType, driver_fullname, driver_id) VALUES ('D', 'Noor Dahan', 54);
INSERT INTO DRIVER (licenseType, driver_fullname, driver_id) VALUES ('E', 'Shai Twito', 55);
INSERT INTO DRIVER (licenseType, driver_fullname, driver_id) VALUES ('A', 'Tal Shani', 56);
INSERT INTO DRIVER (licenseType, driver_fullname, driver_id) VALUES ('B', 'Hila Dayan', 57);
INSERT INTO DRIVER (licenseType, driver_fullname, driver_id) VALUES ('C', 'Bar Kadosh', 58);
INSERT INTO DRIVER (licenseType, driver_fullname, driver_id) VALUES ('D', 'Gili Nissim', 59);
INSERT INTO DRIVER (licenseType, driver_fullname, driver_id) VALUES ('E', 'Avi Hadar', 60);
INSERT INTO DRIVER (licenseType, driver_fullname, driver_id) VALUES ('A', 'Roi Dvir', 61);
INSERT INTO DRIVER (licenseType, driver_fullname, driver_id) VALUES ('B', 'Tomer Naveh', 62);
INSERT INTO DRIVER (licenseType, driver_fullname, driver_id) VALUES ('C', 'Eden Ohana', 63);
INSERT INTO DRIVER (licenseType, driver_fullname, driver_id) VALUES ('D', 'Adi Vaknin', 64);
INSERT INTO DRIVER (licenseType, driver_fullname, driver_id) VALUES ('E', 'Ofer Sade', 65);
INSERT INTO DRIVER (licenseType, driver_fullname, driver_id) VALUES ('A', 'Niv Turgeman', 66);
INSERT INTO DRIVER (licenseType, driver_fullname, driver_id) VALUES ('B', 'Keren Avivi', 67);
INSERT INTO DRIVER (licenseType, driver_fullname, driver_id) VALUES ('C', 'Lidor Malul', 68);
INSERT INTO DRIVER (licenseType, driver_fullname, driver_id) VALUES ('D', 'Yaniv Dahan', 69);
INSERT INTO DRIVER (licenseType, driver_fullname, driver_id) VALUES ('E', 'Liat Avner', 70);
INSERT INTO DRIVER (licenseType, driver_fullname, driver_id) VALUES ('A', 'Asaf Ben Haim', 71);
INSERT INTO DRIVER (licenseType, driver_fullname, driver_id) VALUES ('B', 'Meital Bitton', 72);
INSERT INTO DRIVER (licenseType, driver_fullname, driver_id) VALUES ('C', 'Gil Ben Ami', 73);
INSERT INTO DRIVER (licenseType, driver_fullname, driver_id) VALUES ('D', 'Tomer Ohayon', 74);
INSERT INTO DRIVER (licenseType, driver_fullname, driver_id) VALUES ('E', 'Maya Cohen', 75);
INSERT INTO DRIVER (licenseType, driver_fullname, driver_id) VALUES ('A', 'Sharon Peri', 76);
INSERT INTO DRIVER (licenseType, driver_fullname, driver_id) VALUES ('B', 'Rami Kahlon', 77);
INSERT INTO DRIVER (licenseType, driver_fullname, driver_id) VALUES ('C', 'Daniel Azulai', 78);
INSERT INTO DRIVER (licenseType, driver_fullname, driver_id) VALUES ('D', 'Lior Natan', 79);
INSERT INTO DRIVER (licenseType, driver_fullname, driver_id) VALUES ('E', 'Adi Mizrahi', 80);
INSERT INTO DRIVER (licenseType, driver_fullname, driver_id) VALUES ('A', 'Neta Shalev', 81);
INSERT INTO DRIVER (licenseType, driver_fullname, driver_id) VALUES ('B', 'Guy Sharir', 82);
INSERT INTO DRIVER (licenseType, driver_fullname, driver_id) VALUES ('C', 'Hadar Dolev', 83);
INSERT INTO DRIVER (licenseType, driver_fullname, driver_id) VALUES ('D', 'Rotem Hillel', 84);
INSERT INTO DRIVER (licenseType, driver_fullname, driver_id) VALUES ('E', 'Yoni Bashan', 85);
INSERT INTO DRIVER (licenseType, driver_fullname, driver_id) VALUES ('A', 'Liraz Moyal', 86);
INSERT INTO DRIVER (licenseType, driver_fullname, driver_id) VALUES ('B', 'Eyal Dayan', 87);
INSERT INTO DRIVER (licenseType, driver_fullname, driver_id) VALUES ('C', 'Tali Ezra', 88);
INSERT INTO DRIVER (licenseType, driver_fullname, driver_id) VALUES ('D', 'Oren Ziv', 89);
INSERT INTO DRIVER (licenseType, driver_fullname, driver_id) VALUES ('E', 'Noam Shitrit', 90);
INSERT INTO DRIVER (licenseType, driver_fullname, driver_id) VALUES ('A', 'Eden Maimon', 91);
INSERT INTO DRIVER (licenseType, driver_fullname, driver_id) VALUES ('B', 'Or Levi', 92);
INSERT INTO DRIVER (licenseType, driver_fullname, driver_id) VALUES ('C', 'Gal Amsalem', 93);
INSERT INTO DRIVER (licenseType, driver_fullname, driver_id) VALUES ('D', 'Ronen Kadosh', 94);
INSERT INTO DRIVER (licenseType, driver_fullname, driver_id) VALUES ('E', 'Shira Ben Haim', 95);
INSERT INTO DRIVER (licenseType, driver_fullname, driver_id) VALUES ('A', 'Amit Peretz', 96);
INSERT INTO DRIVER (licenseType, driver_fullname, driver_id) VALUES ('B', 'Tomer Bar On', 97);
INSERT INTO DRIVER (licenseType, driver_fullname, driver_id) VALUES ('C', 'Liat Sharabi', 98);
INSERT INTO DRIVER (licenseType, driver_fullname, driver_id) VALUES ('D', 'Kobi Nahum', 99);
INSERT INTO DRIVER (licenseType, driver_fullname, driver_id) VALUES ('E', 'Yael Dahan', 100);

-- Insert into VEHICLE
INSERT INTO VEHICLE (capacity, vehicle_type, plate_number) VALUES (30, 'Minibus', '100-00-001');
INSERT INTO VEHICLE (capacity, vehicle_type, plate_number) VALUES (50, 'Bus', '100-00-002');
INSERT INTO VEHICLE (capacity, vehicle_type, plate_number) VALUES (45, 'Bus', '100-00-003');
INSERT INTO VEHICLE (capacity, vehicle_type, plate_number) VALUES (20, 'Van', '100-00-004');
INSERT INTO VEHICLE (capacity, vehicle_type, plate_number) VALUES (60, 'Bus', '100-00-005');
INSERT INTO VEHICLE (capacity, vehicle_type, plate_number) VALUES (35, 'Minibus', '100-00-006');
INSERT INTO VEHICLE (capacity, vehicle_type, plate_number) VALUES (55, 'Bus', '100-00-007');
INSERT INTO VEHICLE (capacity, vehicle_type, plate_number) VALUES (18, 'Van', '100-00-008');
INSERT INTO VEHICLE (capacity, vehicle_type, plate_number) VALUES (70, 'Bus', '100-00-009');
INSERT INTO VEHICLE (capacity, vehicle_type, plate_number) VALUES (28, 'Minibus', '100-00-010');
INSERT INTO VEHICLE (capacity, vehicle_type, plate_number) VALUES (52, 'Bus', '100-00-011');
INSERT INTO VEHICLE (capacity, vehicle_type, plate_number) VALUES (33, 'Minibus', '100-00-012');
INSERT INTO VEHICLE (capacity, vehicle_type, plate_number) VALUES (48, 'Bus', '100-00-013');
INSERT INTO VEHICLE (capacity, vehicle_type, plate_number) VALUES (22, 'Van', '100-00-014');
INSERT INTO VEHICLE (capacity, vehicle_type, plate_number) VALUES (65, 'Bus', '100-00-015');
INSERT INTO VEHICLE (capacity, vehicle_type, plate_number) VALUES (40, 'Minibus', '100-00-016');
INSERT INTO VEHICLE (capacity, vehicle_type, plate_number) VALUES (58, 'Bus', '100-00-017');
INSERT INTO VEHICLE (capacity, vehicle_type, plate_number) VALUES (25, 'Van', '100-00-018');
INSERT INTO VEHICLE (capacity, vehicle_type, plate_number) VALUES (72, 'Bus', '100-00-019');
INSERT INTO VEHICLE (capacity, vehicle_type, plate_number) VALUES (30, 'Minibus', '100-00-020');
INSERT INTO VEHICLE (capacity, vehicle_type, plate_number) VALUES (54, 'Bus', '100-00-021');
INSERT INTO VEHICLE (capacity, vehicle_type, plate_number) VALUES (36, 'Minibus', '100-00-022');
INSERT INTO VEHICLE (capacity, vehicle_type, plate_number) VALUES (46, 'Bus', '100-00-023');
INSERT INTO VEHICLE (capacity, vehicle_type, plate_number) VALUES (19, 'Van', '100-00-024');
INSERT INTO VEHICLE (capacity, vehicle_type, plate_number) VALUES (62, 'Bus', '100-00-025');
INSERT INTO VEHICLE (capacity, vehicle_type, plate_number) VALUES (38, 'Minibus', '100-00-026');
INSERT INTO VEHICLE (capacity, vehicle_type, plate_number) VALUES (57, 'Bus', '100-00-027');
INSERT INTO VEHICLE (capacity, vehicle_type, plate_number) VALUES (21, 'Van', '100-00-028');
INSERT INTO VEHICLE (capacity, vehicle_type, plate_number) VALUES (68, 'Bus', '100-00-029');
INSERT INTO VEHICLE (capacity, vehicle_type, plate_number) VALUES (32, 'Minibus', '100-00-030');
INSERT INTO VEHICLE (capacity, vehicle_type, plate_number) VALUES (49, 'Bus', '100-00-031');
INSERT INTO VEHICLE (capacity, vehicle_type, plate_number) VALUES (23, 'Van', '100-00-032');
INSERT INTO VEHICLE (capacity, vehicle_type, plate_number) VALUES (66, 'Bus', '100-00-033');
INSERT INTO VEHICLE (capacity, vehicle_type, plate_number) VALUES (41, 'Minibus', '100-00-034');
INSERT INTO VEHICLE (capacity, vehicle_type, plate_number) VALUES (59, 'Bus', '100-00-035');
INSERT INTO VEHICLE (capacity, vehicle_type, plate_number) VALUES (27, 'Van', '100-00-036');
INSERT INTO VEHICLE (capacity, vehicle_type, plate_number) VALUES (73, 'Bus', '100-00-037');
INSERT INTO VEHICLE (capacity, vehicle_type, plate_number) VALUES (31, 'Minibus', '100-00-038');
INSERT INTO VEHICLE (capacity, vehicle_type, plate_number) VALUES (53, 'Bus', '100-00-039');
INSERT INTO VEHICLE (capacity, vehicle_type, plate_number) VALUES (24, 'Van', '100-00-040');
INSERT INTO VEHICLE (capacity, vehicle_type, plate_number) VALUES (64, 'Bus', '100-00-041');
INSERT INTO VEHICLE (capacity, vehicle_type, plate_number) VALUES (39, 'Minibus', '100-00-042');
INSERT INTO VEHICLE (capacity, vehicle_type, plate_number) VALUES (56, 'Bus', '100-00-043');
INSERT INTO VEHICLE (capacity, vehicle_type, plate_number) VALUES (26, 'Van', '100-00-044');
INSERT INTO VEHICLE (capacity, vehicle_type, plate_number) VALUES (71, 'Bus', '100-00-045');
INSERT INTO VEHICLE (capacity, vehicle_type, plate_number) VALUES (34, 'Minibus', '100-00-046');
INSERT INTO VEHICLE (capacity, vehicle_type, plate_number) VALUES (51, 'Bus', '100-00-047');
INSERT INTO VEHICLE (capacity, vehicle_type, plate_number) VALUES (29, 'Van', '100-00-048');
INSERT INTO VEHICLE (capacity, vehicle_type, plate_number) VALUES (69, 'Bus', '100-00-049');
INSERT INTO VEHICLE (capacity, vehicle_type, plate_number) VALUES (37, 'Minibus', '100-00-050');
INSERT INTO VEHICLE (capacity, vehicle_type, plate_number) VALUES (47, 'Bus', '100-00-051');
INSERT INTO VEHICLE (capacity, vehicle_type, plate_number) VALUES (20, 'Van', '100-00-052');
INSERT INTO VEHICLE (capacity, vehicle_type, plate_number) VALUES (63, 'Bus', '100-00-053');
INSERT INTO VEHICLE (capacity, vehicle_type, plate_number) VALUES (42, 'Minibus', '100-00-054');
INSERT INTO VEHICLE (capacity, vehicle_type, plate_number) VALUES (55, 'Bus', '100-00-055');
INSERT INTO VEHICLE (capacity, vehicle_type, plate_number) VALUES (18, 'Van', '100-00-056');
INSERT INTO VEHICLE (capacity, vehicle_type, plate_number) VALUES (74, 'Bus', '100-00-057');
INSERT INTO VEHICLE (capacity, vehicle_type, plate_number) VALUES (30, 'Minibus', '100-00-058');
INSERT INTO VEHICLE (capacity, vehicle_type, plate_number) VALUES (52, 'Bus', '100-00-059');
INSERT INTO VEHICLE (capacity, vehicle_type, plate_number) VALUES (23, 'Van', '100-00-060');
INSERT INTO VEHICLE (capacity, vehicle_type, plate_number) VALUES (67, 'Bus', '100-00-061');
INSERT INTO VEHICLE (capacity, vehicle_type, plate_number) VALUES (35, 'Minibus', '100-00-062');
INSERT INTO VEHICLE (capacity, vehicle_type, plate_number) VALUES (58, 'Bus', '100-00-063');
INSERT INTO VEHICLE (capacity, vehicle_type, plate_number) VALUES (27, 'Van', '100-00-064');
INSERT INTO VEHICLE (capacity, vehicle_type, plate_number) VALUES (70, 'Bus', '100-00-065');
INSERT INTO VEHICLE (capacity, vehicle_type, plate_number) VALUES (33, 'Minibus', '100-00-066');
INSERT INTO VEHICLE (capacity, vehicle_type, plate_number) VALUES (46, 'Bus', '100-00-067');
INSERT INTO VEHICLE (capacity, vehicle_type, plate_number) VALUES (22, 'Van', '100-00-068');
INSERT INTO VEHICLE (capacity, vehicle_type, plate_number) VALUES (61, 'Bus', '100-00-069');
INSERT INTO VEHICLE (capacity, vehicle_type, plate_number) VALUES (40, 'Minibus', '100-00-070');
INSERT INTO VEHICLE (capacity, vehicle_type, plate_number) VALUES (57, 'Bus', '100-00-071');
INSERT INTO VEHICLE (capacity, vehicle_type, plate_number) VALUES (25, 'Van', '100-00-072');
INSERT INTO VEHICLE (capacity, vehicle_type, plate_number) VALUES (75, 'Bus', '100-00-073');
INSERT INTO VEHICLE (capacity, vehicle_type, plate_number) VALUES (31, 'Minibus', '100-00-074');
INSERT INTO VEHICLE (capacity, vehicle_type, plate_number) VALUES (54, 'Bus', '100-00-075');
INSERT INTO VEHICLE (capacity, vehicle_type, plate_number) VALUES (28, 'Van', '100-00-076');
INSERT INTO VEHICLE (capacity, vehicle_type, plate_number) VALUES (66, 'Bus', '100-00-077');
INSERT INTO VEHICLE (capacity, vehicle_type, plate_number) VALUES (36, 'Minibus', '100-00-078');
INSERT INTO VEHICLE (capacity, vehicle_type, plate_number) VALUES (59, 'Bus', '100-00-079');
INSERT INTO VEHICLE (capacity, vehicle_type, plate_number) VALUES (21, 'Van', '100-00-080');
INSERT INTO VEHICLE (capacity, vehicle_type, plate_number) VALUES (68, 'Bus', '100-00-081');
INSERT INTO VEHICLE (capacity, vehicle_type, plate_number) VALUES (38, 'Minibus', '100-00-082');
INSERT INTO VEHICLE (capacity, vehicle_type, plate_number) VALUES (53, 'Bus', '100-00-083');
INSERT INTO VEHICLE (capacity, vehicle_type, plate_number) VALUES (24, 'Van', '100-00-084');
INSERT INTO VEHICLE (capacity, vehicle_type, plate_number) VALUES (72, 'Bus', '100-00-085');
INSERT INTO VEHICLE (capacity, vehicle_type, plate_number) VALUES (34, 'Minibus', '100-00-086');
INSERT INTO VEHICLE (capacity, vehicle_type, plate_number) VALUES (50, 'Bus', '100-00-087');
INSERT INTO VEHICLE (capacity, vehicle_type, plate_number) VALUES (26, 'Van', '100-00-088');
INSERT INTO VEHICLE (capacity, vehicle_type, plate_number) VALUES (65, 'Bus', '100-00-089');
INSERT INTO VEHICLE (capacity, vehicle_type, plate_number) VALUES (39, 'Minibus', '100-00-090');
INSERT INTO VEHICLE (capacity, vehicle_type, plate_number) VALUES (56, 'Bus', '100-00-091');
INSERT INTO VEHICLE (capacity, vehicle_type, plate_number) VALUES (29, 'Van', '100-00-092');
INSERT INTO VEHICLE (capacity, vehicle_type, plate_number) VALUES (73, 'Bus', '100-00-093');
INSERT INTO VEHICLE (capacity, vehicle_type, plate_number) VALUES (37, 'Minibus', '100-00-094');
INSERT INTO VEHICLE (capacity, vehicle_type, plate_number) VALUES (48, 'Bus', '100-00-095');
INSERT INTO VEHICLE (capacity, vehicle_type, plate_number) VALUES (20, 'Van', '100-00-096');
INSERT INTO VEHICLE (capacity, vehicle_type, plate_number) VALUES (64, 'Bus', '100-00-097');
INSERT INTO VEHICLE (capacity, vehicle_type, plate_number) VALUES (41, 'Minibus', '100-00-098');
INSERT INTO VEHICLE (capacity, vehicle_type, plate_number) VALUES (60, 'Bus', '100-00-099');
INSERT INTO VEHICLE (capacity, vehicle_type, plate_number) VALUES (22, 'Van', '100-00-100');

-- Insert into TRIP
INSERT INTO TRIP (trip_id, trip_date, departure_Time, available_Seats, route_id, driver_id, plate_number) VALUES
(1,'2026-01-01','06:00',12,1,1,'100-00-001'),
(2,'2026-01-01','07:15',8,2,2,'100-00-002'),
(3,'2026-01-01','08:30',15,3,3,'100-00-003'),
(4,'2026-01-02','09:00',6,4,4,'100-00-004'),
(5,'2026-01-02','10:45',20,5,5,'100-00-005'),
(6,'2026-01-02','11:30',10,6,6,'100-00-006'),
(7,'2026-01-03','12:15',14,7,7,'100-00-007'),
(8,'2026-01-03','13:00',5,8,8,'100-00-008'),
(9,'2026-01-03','14:20',25,9,9,'100-00-009'),
(10,'2026-01-04','15:40',9,10,10,'100-00-010'),

(11,'2026-01-04','06:10',13,11,11,'100-00-011'),
(12,'2026-01-04','07:25',11,12,12,'100-00-012'),
(13,'2026-01-05','08:40',18,13,13,'100-00-013'),
(14,'2026-01-05','09:55',7,14,14,'100-00-014'),
(15,'2026-01-05','10:20',22,15,15,'100-00-015'),
(16,'2026-01-06','11:45',16,16,16,'100-00-016'),
(17,'2026-01-06','12:30',24,17,17,'100-00-017'),
(18,'2026-01-06','13:15',8,18,18,'100-00-018'),
(19,'2026-01-07','14:50',30,19,19,'100-00-019'),
(20,'2026-01-07','15:05',12,20,20,'100-00-020'),

(21,'2026-01-07','06:35',17,21,21,'100-00-021'),
(22,'2026-01-08','07:50',9,22,22,'100-00-022'),
(23,'2026-01-08','08:10',21,23,23,'100-00-023'),
(24,'2026-01-08','09:25',6,24,24,'100-00-024'),
(25,'2026-01-09','10:55',19,25,25,'100-00-025'),
(26,'2026-01-09','11:05',14,26,26,'100-00-026'),
(27,'2026-01-09','12:40',27,27,27,'100-00-027'),
(28,'2026-01-10','13:55',5,28,28,'100-00-028'),
(29,'2026-01-10','14:05',32,29,29,'100-00-029'),
(30,'2026-01-10','15:35',11,30,30,'100-00-030'),

(31,'2026-01-11','06:05',15,31,31,'100-00-031'),
(32,'2026-01-11','07:40',8,32,32,'100-00-032'),
(33,'2026-01-11','08:55',23,33,33,'100-00-033'),
(34,'2026-01-12','09:15',13,34,34,'100-00-034'),
(35,'2026-01-12','10:35',26,35,35,'100-00-035'),
(36,'2026-01-12','11:50',18,36,36,'100-00-036'),
(37,'2026-01-13','12:05',35,37,37,'100-00-037'),
(38,'2026-01-13','13:45',9,38,38,'100-00-038'),
(39,'2026-01-13','14:25',20,39,39,'100-00-039'),
(40,'2026-01-14','15:10',7,40,40,'100-00-040'),

(41,'2026-01-14','06:20',16,41,41,'100-00-041'),
(42,'2026-01-14','07:35',12,42,42,'100-00-042'),
(43,'2026-01-15','08:05',28,43,43,'100-00-043'),
(44,'2026-01-15','09:50',6,44,44,'100-00-044'),
(45,'2026-01-15','10:25',33,45,45,'100-00-045'),
(46,'2026-01-16','11:10',19,46,46,'100-00-046'),
(47,'2026-01-16','12:55',29,47,47,'100-00-047'),
(48,'2026-01-16','13:05',8,48,48,'100-00-048'),
(49,'2026-01-17','14:30',31,49,49,'100-00-049'),
(50,'2026-01-17','15:45',14,50,50,'100-00-050'),

(51,'2026-01-17','06:15',11,51,51,'100-00-051'),
(52,'2026-01-18','07:05',5,52,52,'100-00-052'),
(53,'2026-01-18','08:35',24,53,53,'100-00-053'),
(54,'2026-01-18','09:40',13,54,54,'100-00-054'),
(55,'2026-01-19','10:10',22,55,55,'100-00-055'),
(56,'2026-01-19','11:55',7,56,56,'100-00-056'),
(57,'2026-01-19','12:20',36,57,57,'100-00-057'),
(58,'2026-01-20','13:30',15,58,58,'100-00-058'),
(59,'2026-01-20','14:10',26,59,59,'100-00-059'),
(60,'2026-01-20','15:00',9,60,60,'100-00-060'),

(61,'2026-01-21','06:50',30,61,61,'100-00-061'),
(62,'2026-01-21','07:30',18,62,62,'100-00-062'),
(63,'2026-01-21','08:45',21,63,63,'100-00-063'),
(64,'2026-01-22','09:05',10,64,64,'100-00-064'),
(65,'2026-01-22','10:30',34,65,65,'100-00-065'),
(66,'2026-01-22','11:20',16,66,66,'100-00-066'),
(67,'2026-01-23','12:40',25,67,67,'100-00-067'),
(68,'2026-01-23','13:50',8,68,68,'100-00-068'),
(69,'2026-01-23','14:00',28,69,69,'100-00-069'),
(70,'2026-01-24','15:25',12,70,70,'100-00-070'),

(71,'2026-01-24','06:45',19,71,71,'100-00-071'),
(72,'2026-01-24','07:55',6,72,72,'100-00-072'),
(73,'2026-01-25','08:25',37,73,73,'100-00-073'),
(74,'2026-01-25','09:35',11,74,74,'100-00-074'),
(75,'2026-01-25','10:50',23,75,75,'100-00-075'),
(76,'2026-01-26','11:05',9,76,76,'100-00-076'),
(77,'2026-01-26','12:10',27,77,77,'100-00-077'),
(78,'2026-01-26','13:25',14,78,78,'100-00-078'),
(79,'2026-01-27','14:40',29,79,79,'100-00-079'),
(80,'2026-01-27','15:55',8,80,80,'100-00-080'),

(81,'2026-01-27','06:25',20,81,81,'100-00-081'),
(82,'2026-01-28','07:35',12,82,82,'100-00-082'),
(83,'2026-01-28','08:15',33,83,83,'100-00-083'),
(84,'2026-01-28','09:20',7,84,84,'100-00-084'),
(85,'2026-01-29','10:05',31,85,85,'100-00-085'),
(86,'2026-01-29','11:30',15,86,86,'100-00-086'),
(87,'2026-01-29','12:45',18,87,87,'100-00-087'),
(88,'2026-01-30','13:10',9,88,88,'100-00-088'),
(89,'2026-01-30','14:55',26,89,89,'100-00-089'),
(90,'2026-01-30','15:05',13,90,90,'100-00-090'),

(91,'2026-01-31','06:40',22,91,91,'100-00-091'),
(92,'2026-01-31','07:10',6,92,92,'100-00-092'),
(93,'2026-01-31','08:20',35,93,93,'100-00-093'),
(94,'2026-02-01','09:45',11,94,94,'100-00-094'),
(95,'2026-02-01','10:35',24,95,95,'100-00-095'),
(96,'2026-02-01','11:15',7,96,96,'100-00-096'),
(97,'2026-02-02','12:50',28,97,97,'100-00-097'),
(98,'2026-02-02','13:40',16,98,98,'100-00-098'),
(99,'2026-02-02','14:35',30,99,99,'100-00-099'),
(100,'2026-02-03','15:20',10,100,100,'100-00-100');

-- Insert into PASSENGER
INSERT INTO PASSENGER (email, phone, pass_fullname, pass_id, sector) VALUES
('pass1@mail.com','050-1000001','Noah Cohen',1,'Secular'),
('pass2@mail.com','050-1000002','Eli Levi',2,'Religious Zionist'),
('pass3@mail.com','050-1000003','Yosef Mizrahi',3,'Haredi'),
('pass4@mail.com','050-1000004','Omer Peretz',4,'Arab'),
('pass5@mail.com','050-1000005','Daniel Avraham',5,'Secular'),
('pass6@mail.com','050-1000006','Ariel Biton',6,'Religious Zionist'),
('pass7@mail.com','050-1000007','Matan Dayan',7,'Haredi'),
('pass8@mail.com','050-1000008','Yair Azulay',8,'Arab'),
('pass9@mail.com','050-1000009','Lior Harel',9,'Secular'),
('pass10@mail.com','050-1000010','Itay Nahum',10,'Religious Zionist'),

('pass11@mail.com','050-1000011','Shira Shamir',11,'Haredi'),
('pass12@mail.com','050-1000012','Noa Koren',12,'Arab'),
('pass13@mail.com','050-1000013','Tamar Barak',13,'Secular'),
('pass14@mail.com','050-1000014','Hila Sharabi',14,'Religious Zionist'),
('pass15@mail.com','050-1000015','Yael Aharon',15,'Haredi'),
('pass16@mail.com','050-1000016','Ori Mor',16,'Arab'),
('pass17@mail.com','050-1000017','Ron Shani',17,'Secular'),
('pass18@mail.com','050-1000018','Adi Ben Ari',18,'Religious Zionist'),
('pass19@mail.com','050-1000019','Gal Malka',19,'Haredi'),
('pass20@mail.com','050-1000020','Eden Zohar',20,'Arab'),

('pass21@mail.com','050-1000021','Roi Dagan',21,'Secular'),
('pass22@mail.com','050-1000022','Neta Klein',22,'Religious Zionist'),
('pass23@mail.com','050-1000023','Bar Amir',23,'Haredi'),
('pass24@mail.com','050-1000024','Keren Sela',24,'Arab'),
('pass25@mail.com','050-1000025','Amit Hadad',25,'Secular'),
('pass26@mail.com','050-1000026','Dolev Fried',26,'Religious Zionist'),
('pass27@mail.com','050-1000027','Yarden Lavi',27,'Haredi'),
('pass28@mail.com','050-1000028','Shahar Romano',28,'Arab'),
('pass29@mail.com','050-1000029','Ofek Pinto',29,'Secular'),
('pass30@mail.com','050-1000030','Liat Ashkenazi',30,'Religious Zionist'),

('pass31@mail.com','050-1000031','Ron Katz',31,'Haredi'),
('pass32@mail.com','050-1000032','Aviv Segal',32,'Arab'),
('pass33@mail.com','050-1000033','Sivan Baruch',33,'Secular'),
('pass34@mail.com','050-1000034','Gadi Morad',34,'Religious Zionist'),
('pass35@mail.com','050-1000035','Tali Peleg',35,'Haredi'),
('pass36@mail.com','050-1000036','Nir Yona',36,'Arab'),
('pass37@mail.com','050-1000037','Erez Bashan',37,'Secular'),
('pass38@mail.com','050-1000038','Hadar Nave',38,'Religious Zionist'),
('pass39@mail.com','050-1000039','Noa Elbaz',39,'Haredi'),
('pass40@mail.com','050-1000040','Liran Hazan',40,'Arab'),

('pass41@mail.com','050-1000041','Guy Sasson',41,'Secular'),
('pass42@mail.com','050-1000042','Moran Haim',42,'Religious Zionist'),
('pass43@mail.com','050-1000043','Shir Dolev',43,'Haredi'),
('pass44@mail.com','050-1000044','Eyal Shaked',44,'Arab'),
('pass45@mail.com','050-1000045','Dana Fuchs',45,'Secular'),
('pass46@mail.com','050-1000046','Omri Paz',46,'Religious Zionist'),
('pass47@mail.com','050-1000047','Kobi Avital',47,'Haredi'),
('pass48@mail.com','050-1000048','Alon Gabbay',48,'Arab'),
('pass49@mail.com','050-1000049','Ravit Ben David',49,'Secular'),
('pass50@mail.com','050-1000050','Moti Edri',50,'Religious Zionist'),

('pass51@mail.com','050-1000051','Eli Nahman',51,'Haredi'),
('pass52@mail.com','050-1000052','Rotem Azulai',52,'Arab'),
('pass53@mail.com','050-1000053','Yair Vaknin',53,'Secular'),
('pass54@mail.com','050-1000054','Noor Dahan',54,'Religious Zionist'),
('pass55@mail.com','050-1000055','Shai Twito',55,'Haredi'),
('pass56@mail.com','050-1000056','Tal Shani',56,'Arab'),
('pass57@mail.com','050-1000057','Hila Dayan',57,'Secular'),
('pass58@mail.com','050-1000058','Bar Kadosh',58,'Religious Zionist'),
('pass59@mail.com','050-1000059','Gili Nissim',59,'Haredi'),
('pass60@mail.com','050-1000060','Avi Hadar',60,'Arab'),

('pass61@mail.com','050-1000061','Roi Dvir',61,'Secular'),
('pass62@mail.com','050-1000062','Tomer Naveh',62,'Religious Zionist'),
('pass63@mail.com','050-1000063','Eden Ohana',63,'Haredi'),
('pass64@mail.com','050-1000064','Adi Vaknin',64,'Arab'),
('pass65@mail.com','050-1000065','Ofer Sade',65,'Secular'),
('pass66@mail.com','050-1000066','Niv Turgeman',66,'Religious Zionist'),
('pass67@mail.com','050-1000067','Keren Avivi',67,'Haredi'),
('pass68@mail.com','050-1000068','Lidor Malul',68,'Arab'),
('pass69@mail.com','050-1000069','Yaniv Dahan',69,'Secular'),
('pass70@mail.com','050-1000070','Liat Avner',70,'Religious Zionist'),

('pass71@mail.com','050-1000071','Asaf Ben Haim',71,'Haredi'),
('pass72@mail.com','050-1000072','Meital Bitton',72,'Arab'),
('pass73@mail.com','050-1000073','Gil Ben Ami',73,'Secular'),
('pass74@mail.com','050-1000074','Tomer Ohayon',74,'Religious Zionist'),
('pass75@mail.com','050-1000075','Maya Cohen',75,'Haredi'),
('pass76@mail.com','050-1000076','Sharon Peri',76,'Arab'),
('pass77@mail.com','050-1000077','Rami Kahlon',77,'Secular'),
('pass78@mail.com','050-1000078','Daniel Azulai',78,'Religious Zionist'),
('pass79@mail.com','050-1000079','Lior Natan',79,'Haredi'),
('pass80@mail.com','050-1000080','Adi Mizrahi',80,'Arab'),

('pass81@mail.com','050-1000081','Neta Shalev',81,'Secular'),
('pass82@mail.com','050-1000082','Guy Sharir',82,'Religious Zionist'),
('pass83@mail.com','050-1000083','Hadar Dolev',83,'Haredi'),
('pass84@mail.com','050-1000084','Rotem Hillel',84,'Arab'),
('pass85@mail.com','050-1000085','Yoni Bashan',85,'Secular'),
('pass86@mail.com','050-1000086','Liraz Moyal',86,'Religious Zionist'),
('pass87@mail.com','050-1000087','Eyal Dayan',87,'Haredi'),
('pass88@mail.com','050-1000088','Tali Ezra',88,'Arab'),
('pass89@mail.com','050-1000089','Oren Ziv',89,'Secular'),
('pass90@mail.com','050-1000090','Noam Shitrit',90,'Religious Zionist'),

('pass91@mail.com','050-1000091','Eden Maimon',91,'Haredi'),
('pass92@mail.com','050-1000092','Or Levi',92,'Arab'),
('pass93@mail.com','050-1000093','Gal Amsalem',93,'Secular'),
('pass94@mail.com','050-1000094','Ronen Kadosh',94,'Religious Zionist'),
('pass95@mail.com','050-1000095','Shira Ben Haim',95,'Haredi'),
('pass96@mail.com','050-1000096','Amit Peretz',96,'Arab'),
('pass97@mail.com','050-1000097','Tomer Bar On',97,'Secular'),
('pass98@mail.com','050-1000098','Liat Sharabi',98,'Religious Zionist'),
('pass99@mail.com','050-1000099','Kobi Nahum',99,'Haredi'),
('pass100@mail.com','050-1000100','Yael Dahan',100,'Arab');

-- Insert into REGISTRATION
INSERT INTO REGISTRATION (reg_id, status, pass_id, trip_id, boarding_stop_id, dropoff_stop_id) VALUES
(1,'Confirmed',1,1,1,10),
(2,'Confirmed',2,2,2,11),
(3,'Pending',3,3,3,12),
(4,'Confirmed',4,4,4,13),
(5,'Cancelled',5,5,5,14),
(6,'Confirmed',6,6,6,15),
(7,'Pending',7,7,7,16),
(8,'Confirmed',8,8,8,17),
(9,'Confirmed',9,9,9,18),
(10,'Confirmed',10,10,10,19),

(11,'Pending',11,11,11,20),
(12,'Confirmed',12,12,12,21),
(13,'Cancelled',13,13,13,22),
(14,'Confirmed',14,14,14,23),
(15,'Confirmed',15,15,15,24),
(16,'Pending',16,16,16,25),
(17,'Confirmed',17,17,17,26),
(18,'Confirmed',18,18,18,27),
(19,'Cancelled',19,19,19,28),
(20,'Confirmed',20,20,20,29),

(21,'Confirmed',21,21,21,30),
(22,'Pending',22,22,22,31),
(23,'Confirmed',23,23,23,32),
(24,'Cancelled',24,24,24,33),
(25,'Confirmed',25,25,25,34),
(26,'Pending',26,26,26,35),
(27,'Confirmed',27,27,27,36),
(28,'Confirmed',28,28,28,37),
(29,'Cancelled',29,29,29,38),
(30,'Confirmed',30,30,30,39),

(31,'Confirmed',31,31,31,40),
(32,'Pending',32,32,32,41),
(33,'Confirmed',33,33,33,42),
(34,'Cancelled',34,34,34,43),
(35,'Confirmed',35,35,35,44),
(36,'Pending',36,36,36,45),
(37,'Confirmed',37,37,37,46),
(38,'Confirmed',38,38,38,47),
(39,'Cancelled',39,39,39,48),
(40,'Confirmed',40,40,40,49),

(41,'Confirmed',41,41,41,50),
(42,'Pending',42,42,42,51),
(43,'Confirmed',43,43,43,52),
(44,'Cancelled',44,44,44,53),
(45,'Confirmed',45,45,45,54),
(46,'Pending',46,46,46,55),
(47,'Confirmed',47,47,47,56),
(48,'Confirmed',48,48,48,57),
(49,'Cancelled',49,49,49,58),
(50,'Confirmed',50,50,50,59),

(51,'Confirmed',51,51,51,60),
(52,'Pending',52,52,52,61),
(53,'Confirmed',53,53,53,62),
(54,'Cancelled',54,54,54,63),
(55,'Confirmed',55,55,55,64),
(56,'Pending',56,56,56,65),
(57,'Confirmed',57,57,57,66),
(58,'Confirmed',58,58,58,67),
(59,'Cancelled',59,59,59,68),
(60,'Confirmed',60,60,60,69),

(61,'Confirmed',61,61,61,70),
(62,'Pending',62,62,62,71),
(63,'Confirmed',63,63,63,72),
(64,'Cancelled',64,64,64,73),
(65,'Confirmed',65,65,65,74),
(66,'Pending',66,66,66,75),
(67,'Confirmed',67,67,67,76),
(68,'Confirmed',68,68,68,77),
(69,'Cancelled',69,69,69,78),
(70,'Confirmed',70,70,70,79),

(71,'Confirmed',71,71,71,80),
(72,'Pending',72,72,72,81),
(73,'Confirmed',73,73,73,82),
(74,'Cancelled',74,74,74,83),
(75,'Confirmed',75,75,75,84),
(76,'Pending',76,76,76,85),
(77,'Confirmed',77,77,77,86),
(78,'Confirmed',78,78,78,87),
(79,'Cancelled',79,79,79,88),
(80,'Confirmed',80,80,80,89),

(81,'Confirmed',81,81,81,90),
(82,'Pending',82,82,82,91),
(83,'Confirmed',83,83,83,92),
(84,'Cancelled',84,84,84,93),
(85,'Confirmed',85,85,85,94),
(86,'Pending',86,86,86,95),
(87,'Confirmed',87,87,87,96),
(88,'Confirmed',88,88,88,97),
(89,'Cancelled',89,89,89,98),
(90,'Confirmed',90,90,90,99),

(91,'Confirmed',91,91,91,100),
(92,'Pending',92,92,92,1),
(93,'Confirmed',93,93,93,2),
(94,'Cancelled',94,94,94,3),
(95,'Confirmed',95,95,95,4),
(96,'Pending',96,96,96,5),
(97,'Confirmed',97,97,97,6),
(98,'Confirmed',98,98,98,7),
(99,'Cancelled',99,99,99,8),
(100,'Confirmed',100,100,100,9);

-- Insert into INCLUDES
INSERT INTO INCLUDES (route_id, stop_id) VALUES
(1,1),(1,2),(1,3),(1,4),
(2,5),(2,6),(2,7),(2,8),
(3,9),(3,10),(3,11),(3,12),
(4,13),(4,14),(4,15),(4,16),
(5,17),(5,18),(5,19),(5,20),
(6,21),(6,22),(6,23),(6,24),
(7,25),(7,26),(7,27),(7,28),
(8,29),(8,30),(8,31),(8,32),
(9,33),(9,34),(9,35),(9,36),
(10,37),(10,38),(10,39),(10,40),

(11,41),(11,42),(11,43),(11,44),
(12,45),(12,46),(12,47),(12,48),
(13,49),(13,50),(13,51),(13,52),
(14,53),(14,54),(14,55),(14,56),
(15,57),(15,58),(15,59),(15,60),
(16,61),(16,62),(16,63),(16,64),
(17,65),(17,66),(17,67),(17,68),
(18,69),(18,70),(18,71),(18,72),
(19,73),(19,74),(19,75),(19,76),
(20,77),(20,78),(20,79),(20,80),

(21,81),(21,82),(21,83),(21,84),
(22,85),(22,86),(22,87),(22,88),
(23,89),(23,90),(23,91),(23,92),
(24,93),(24,94),(24,95),(24,96),
(25,97),(25,98),(25,99),(25,100),

(26,1),(26,10),(26,20),(26,30),
(27,2),(27,12),(27,22),(27,32),
(28,3),(28,13),(28,23),(28,33),
(29,4),(29,14),(29,24),(29,34),
(30,5),(30,15),(30,25),(30,35),

(31,6),(31,16),(31,26),(31,36),
(32,7),(32,17),(32,27),(32,37),
(33,8),(33,18),(33,28),(33,38),
(34,9),(34,19),(34,29),(34,39),
(35,10),(35,20),(35,30),(35,40),

(36,11),(36,21),(36,31),(36,41),
(37,12),(37,22),(37,32),(37,42),
(38,13),(38,23),(38,33),(38,43),
(39,14),(39,24),(39,34),(39,44),
(40,15),(40,25),(40,35),(40,45),

(41,16),(41,26),(41,36),(41,46),
(42,17),(42,27),(42,37),(42,47),
(43,18),(43,28),(43,38),(43,48),
(44,19),(44,29),(44,39),(44,49),
(45,20),(45,30),(45,40),(45,50),

(46,21),(46,31),(46,41),(46,51),
(47,22),(47,32),(47,42),(47,52),
(48,23),(48,33),(48,43),(48,53),
(49,24),(49,34),(49,44),(49,54),
(50,25),(50,35),(50,45),(50,55),

(51,26),(51,36),(51,46),(51,56),
(52,27),(52,37),(52,47),(52,57),
(53,28),(53,38),(53,48),(53,58),
(54,29),(54,39),(54,49),(54,59),
(55,30),(55,40),(55,50),(55,60),

(56,31),(56,41),(56,51),(56,61),
(57,32),(57,42),(57,52),(57,62),
(58,33),(58,43),(58,53),(58,63),
(59,34),(59,44),(59,54),(59,64),
(60,35),(60,45),(60,55),(60,65),

(61,36),(61,46),(61,56),(61,66),
(62,37),(62,47),(62,57),(62,67),
(63,38),(63,48),(63,58),(63,68),
(64,39),(64,49),(64,59),(64,69),
(65,40),(65,50),(65,60),(65,70),

(66,41),(66,51),(66,61),(66,71),
(67,42),(67,52),(67,62),(67,72),
(68,43),(68,53),(68,63),(68,73),
(69,44),(69,54),(69,64),(69,74),
(70,45),(70,55),(70,65),(70,75),

(71,46),(71,56),(71,66),(71,76),
(72,47),(72,57),(72,67),(72,77),
(73,48),(73,58),(73,68),(73,78),
(74,49),(74,59),(74,69),(74,79),
(75,50),(75,60),(75,70),(75,80),

(76,51),(76,61),(76,71),(76,81),
(77,52),(77,62),(77,72),(77,82),
(78,53),(78,63),(78,73),(78,83),
(79,54),(79,64),(79,74),(79,84),
(80,55),(80,65),(80,75),(80,85),

(81,56),(81,66),(81,76),(81,86),
(82,57),(82,67),(82,77),(82,87),
(83,58),(83,68),(83,78),(83,88),
(84,59),(84,69),(84,79),(84,89),
(85,60),(85,70),(85,80),(85,90),

(86,61),(86,71),(86,81),(86,91),
(87,62),(87,72),(87,82),(87,92),
(88,63),(88,73),(88,83),(88,93),
(89,64),(89,74),(89,84),(89,94),
(90,65),(90,75),(90,85),(90,95),

(91,66),(91,76),(91,86),(91,96),
(92,67),(92,77),(92,87),(92,97),
(93,68),(93,78),(93,88),(93,98),
(94,69),(94,79),(94,89),(94,99),
(95,70),(95,80),(95,90),(95,100),

(96,71),(96,81),(96,91),(96,1),
(97,72),(97,82),(97,92),(97,2),
(98,73),(98,83),(98,93),(98,3),
(99,74),(99,84),(99,94),(99,4),
(100,75),(100,85),(100,95),(100,5);
commit;